<?xml version="1.0" encoding="UTF-8"?>
<beans xmlns="http://www.springframework.org/schema/beans" xmlns:xsi="http://www.w3.org/2001/XMLSchema-instance" 
	   xsi:schemaLocation="http://www.springframework.org/schema/beans 
	   http://www.springframework.org/schema/beans/spring-beans.xsd">
	   
	
	<bean id="accountServiceBean" class="org.springframework.transaction.interceptor.TransactionProxyFactoryBean">
		<property name="target" ref="accountServiceTargetBean"></property>
		<property name="proxyTargetClass" value="true"></property>
		<property name="transactionManager" ref="txnManagerBean"></property>
		<property name="transactionAttributes">
			<props>
				<prop key="deposit">PROPAGATION_REQUIRED,ISOLATION_DEFAULT</prop>
				<prop key="withdraw">PROPAGATION_REQUIRED,-Exception</prop>
			</props>
		</property>
	</bean>
	
	<bean id="accountServiceTargetBean" class="com.txnChapter.AccountService">
		<property name="jpaTemplate" ref="jpaTemplateBean"></property>
	</bean>
	
	<bean id="jpaTemplateBean" class="org.springframework.orm.jpa.JpaTemplate">
		<property name="entityManagerFactory" ref="emfBean"></property>
	</bean>
	
	<bean id="emfBean" class="org.springframework.orm.jpa.LocalContainerEntityManagerFactoryBean">
		<property name="dataSource" ref="dataSourceBean"></property>
		<property name="jpaVendorAdapter" ref="jpaVendorAdapterBean"></property>
	</bean>

	<bean id="jpaVendorAdapterBean" class="org.springframework.orm.jpa.vendor.HibernateJpaVendorAdapter">
		<property name="databasePlatform" value="org.hibernate.dialect.MySQL5Dialect"></property>
	</bean>

	<bean id="txnManagerBean" class="org.springframework.orm.jpa.JpaTransactionManager">
		<property name="entityManagerFactory" ref="emfBean"></property>
	</bean>
	
		
	<bean id="dataSourceBean" class="org.springframework.jdbc.datasource.DriverManagerDataSource">
		<property name="driverClassName" value="com.mysql.jdbc.Driver"></property>
		<property name="url" value="jdbc:mysql://localhost/accountsdb"></property>
		<property name="username" value="root"></property>
		<property name="password" value="durasoft"></property>
	</bean>
</beans>
