<?xml version="1.0" encoding="UTF-8"?>
<beans xmlns="http://www.springframework.org/schema/beans"
	xmlns:xsi="http://www.w3.org/2001/XMLSchema-instance"
	xmlns:context="http://www.springframework.org/schema/context"
	xsi:schemaLocation="http://www.springframework.org/schema/beans http://www.springframework.org/schema/beans/spring-beans.xsd
		http://www.springframework.org/schema/context http://www.springframework.org/schema/context/spring-context.xsd">

 <context:component-scan base-package="com.web">
		
	</context:component-scan>
	

<!-- 	<bean name="/Form2.spring" class="com.web.FormController2">
		<property name="methodNameResolver">
			<bean class="org.springframework.web.servlet.mvc.multiaction.ParameterMethodNameResolver">
				<property name="paramName" value="operation"></property>
			</bean>
		</property>
	</bean>
 -->	
	<bean class="org.springframework.web.servlet.view.InternalResourceViewResolver">
		<property name="prefix" value="/"></property>
		<property name="suffix" value=".jsp"></property>
	</bean>
	<!-- 
	<bean class="org.springframework.web.servlet.mvc.annotation.AnnotationMethodHandlerAdapter">
		<property name="messageConverters">
			<list>
				<bean class="org.springframework.http.converter.StringHttpMessageConverter"></bean>
			</list>
		</property>
	</bean>
	 -->	
</beans>
