<?xml version="1.0" encoding="UTF-8"?>
<!DOCTYPE struts-config PUBLIC 
	"-//Apache Software Foundation//DTD Struts Configuration 1.3//EN" 
	"http://struts.apache.org/dtds/struts-config_1_3.dtd">
<struts-config>
	<form-beans>
		<form-bean name="userActionForm" type="com.beans.User"></form-bean>
	</form-beans>
	<action-mappings>
		<!-- 
		<action path="/CreateUser" type="com.web.CreateUserAction2" name="userActionForm">
			<forward name="Success" path="/success.jsp"></forward>
			<forward name="Failure" path="/failure.jsp"></forward>
		</action>
	 	-->
 
		<action path="/CreateUser" type="com.web.CreateUserAction" name="userActionForm">
			<forward name="Success" path="/success.jsp"></forward>
			<forward name="Failure" path="/failure.jsp"></forward>
		</action>
 
		<action path="/CreateUser" name="userActionForm">
			<forward name="Success" path="/success.jsp"></forward>
			<forward name="Failure" path="/failure.jsp"></forward>
		</action>
		 <action path="/CreateUser" name="userActionForm" type="org.springframework.web.struts.DelegatingActionProxy">
			<forward name="Success" path="/success.jsp"></forward>
			<forward name="Failure" path="/failure.jsp"></forward>
		</action>
		
	</action-mappings>
	
	<controller>
		<set-property property="processorClass" value="org.springframework.web.struts.DelegatingRequestProcessor"/>
	</controller>

	 <controller>
		<set-property property="processorClass" value="org.springframework.web.struts.DelegatingTilesRequestProcessor"/>
	</controller>
	<plug-in className="org.springframework.web.struts.ContextLoaderPlugIn">
		<set-property property="contextConfigLocation" value="/WEB-INF/applicationContext.xml"/>
	</plug-in>
	
</struts-config>