<?xml version="1.0" encoding="UTF-8"?>
<beans xmlns="http://www.springframework.org/schema/beans" xmlns:xsi="http://www.w3.org/2001/XMLSchema-instance" 
	   xmlns:tx="http://www.springframework.org/schema/tx" 
	   xmlns:aop="http://www.springframework.org/schema/aop" 
	   xsi:schemaLocation="http://www.springframework.org/schema/beans 
	   http://www.springframework.org/schema/beans/spring-beans.xsd 
	   http://www.springframework.org/schema/tx 
	   http://www.springframework.org/schema/tx/spring-tx.xsd
	   http://www.springframework.org/schema/aop 
	   http://www.springframework.org/schema/aop/spring-aop.xsd ">
	   
	<tx:advice transaction-manager="txnManagerBean" id="txnAdvice" >
		<tx:attributes>
			<tx:method name="withdraw" propagation="REQUIRED" isolation="DEFAULT" rollback-for="Exception"/>
			<tx:method name="deposit" propagation="NOT_SUPPORTED"/>
		</tx:attributes>
	</tx:advice>
	
	<aop:config proxy-target-class="true">
		<aop:advisor advice-ref="txnAdvice" pointcut="execution(* com.txnChapter.AccountService.*(..))" />
	</aop:config>	   
	
	<bean id="accountServiceBean" class="org.springframework.transaction.interceptor.TransactionProxyFactoryBean">
		<property name="target" ref="accountServiceTargetBean"></property>
		<property name="proxyTargetClass" value="true"></property>
		<property name="transactionManager" ref="txnManagerBean"></property>
		<property name="transactionAttributes">
			<props>
				<prop key="deposit">PROPAGATION_REQUIRED,ISOLATION_DEFAULT</prop>
				<prop key="withdraw">PROPAGATION_REQUIRED,-Exception</prop>
			</props>
		</property>
	</bean>
	
	
	<bean id="accountServiceTargetBean" class="com.txnChapter.AccountService">
		<property name="hibernateTemplate" ref="hibernateTemplateBean"></property>
	</bean>
	
	<bean id="hibernateTemplateBean" class="org.springframework.orm.hibernate3.HibernateTemplate">
		<property name="sessionFactory" ref="sessionFactoryBean"></property>
	</bean>
	
	<bean id="txnManagerBean" class="org.springframework.orm.hibernate3.HibernateTransactionManager">
		<property name="sessionFactory" ref="sessionFactoryBean"></property>
	</bean>
	
	<bean id="sessionFactoryBean" class="org.springframework.orm.hibernate3.annotation.AnnotationSessionFactoryBean">
		<property name="annotatedClasses" value="com.txnChapter.Account,com.txnChapter.Statement"></property>
		<property name="dataSource" ref="dataSourceBean"></property>
	</bean>
	
		
	<bean id="dataSourceBean" class="org.springframework.jdbc.datasource.DriverManagerDataSource">
		<property name="driverClassName" value="com.mysql.jdbc.Driver"></property>
		<property name="url" value="jdbc:mysql://localhost/accountsdb"></property>
		<property name="username" value="root"></property>
		<property name="password" value="durasoft"></property>
	</bean>
</beans>
