<?xml version="1.0" encoding="UTF-8"?>
<beans xmlns="http://www.springframework.org/schema/beans"
	xmlns:xsi="http://www.w3.org/2001/XMLSchema-instance"
	xmlns:mvc="http://www.springframework.org/schema/mvc"
	xsi:schemaLocation="
		http://www.springframework.org/schema/beans 
		http://www.springframework.org/schema/beans/spring-beans-3.0.xsd
		http://www.springframework.org/schema/mvc 
		http://www.springframework.org/schema/mvc/spring-mvc-3.0.xsd">

	<!-- Configures the @Controller programming model -->
	<mvc:annotation-driven />

    <!-- Use bean name as the view resolver -->
	<bean class="org.springframework.web.servlet.view.BeanNameViewResolver" />

	<!-- "bookXmlView" logical view name is displayed as XML -->
	<bean id="bookXmlView"
		class="org.springframework.web.servlet.view.xml.MarshallingView">
		<constructor-arg>
			<bean class="org.springframework.oxm.xstream.XStreamMarshaller">
			</bean>
		</constructor-arg>
	</bean>

</beans>
