<?xml version="1.0" encoding="utf-8"?> 
<!DOCTYPE hibernate-configuration SYSTEM "http://hibernate.sourceforge.net/hibernate-configuration-3.0.dtd">
<hibernate-configuration>
    <session-factory>
        <property name="connection.url">jdbc:derby:memory:JH;create=true</property>
        <!-- <property name="hibernate.connection.driver_class">org.apache.derby.jdbc.ClientDriver</property> -->
        <property name="connection.driver_class">org.apache.derby.jdbc.EmbeddedDriver</property>
        <property name="connection.username"></property>
        <property name="connection.password"></property>
        <property name="connection.pool_size">0</property>
        <property name="dialect">org.hibernate.dialect.DerbyDialect</property>
        <property name="current_session_context_class">thread</property>
        <property name="show_sql">true</property>
        <property name="hbm2ddl.auto">create-drop</property>
        
    </session-factory>
</hibernate-configuration>