<?xml version="1.0" encoding="utf-8"?> 
<!DOCTYPE hibernate-configuration SYSTEM "http://www.hibernate.org/dtd/hibernate-configuration-3.0.dtd">
<hibernate-configuration>
    <session-factory>
        <!--
        <property name="connection.url">jdbc:mysql://localhost:3306/JH</property>
        <property name="connection.driver_class">com.mysql.jdbc.Driver</property>
        <property name="connection.username">root</property>
        <property name="connection.password">root</property>
        <property name="connection.pool_size">0</property>
        <property name="dialect">org.hibernate.dialect.MySQL5Dialect</property>
        -->
        <property name="connection.url">jdbc:derby:memory:JH;create=true</property>
        <!-- <property name="hibernate.connection.driver_class">org.apache.derby.jdbc.ClientDriver</property> -->
        <property name="connection.driver_class">org.apache.derby.jdbc.EmbeddedDriver</property>
        <property name="connection.username"></property>
        <property name="connection.password"></property>
        <property name="connection.pool_size">0</property>
        <property name="dialect">org.hibernate.dialect.DerbyDialect</property>
        <property name="current_session_context_class">thread</property>
        <!--
        <property name="mappingResources">   
            <list>
                <value>Movie.hbm.xml</value>
                <value>Trade.hbm.xml</value>
            </list>
        </property>
        -->
        <property name="mappingResources">   
            <list>classpath:*.hbm.xml</list>
        </property>
        
        <!--
        <mapping resource="Movie.hbm.xml" />
        -->
        
    </session-factory>
</hibernate-configuration>