<?xml version="1.0" encoding="UTF-8"?>
<!DOCTYPE hibernate-mapping PUBLIC
        "-//Hibernate/Hibernate Mapping DTD 3.0//EN"
        "http://www.hibernate.org/dtd/hibernate-mapping-3.0.dtd">
<hibernate-mapping>

    <class name="com.madhusudhan.jh.domain.Movie" table="MOVIES">
        <id name="id" column="ID">
            <generator class="assigned"/>
        </id>
        <property name="title" column="TITLE"/>
        <property name="director" column="DIRECTOR"/>
        <property name="synopsis" column="SYNOPSIS"/>
    </class>
</hibernate-mapping>