<?xml version="1.0" encoding="UTF-8"?>
<!DOCTYPE hibernate-mapping PUBLIC
        "-//Hibernate/Hibernate Mapping DTD 3.0//EN"
        "http://www.hibernate.org/dtd/hibernate-mapping-3.0.dtd">
<hibernate-mapping>
    <class name="com.madhusudhan.jh.domain.Trade" table="TRADES">
        <id name="tradeId" column="TRADE_ID">
            <generator class="assigned"/>
        </id>
        <property name="quantity" column="QUANTITY"/>
        <property name="security" column="SECURITY"/>
    </class>
    
    <query name="GET_TRAVEL_REVIEWS"><![CDATA[ from TravelReview ]]></query
    <query name="GET_TRAVEL_REVIEWS_FOR_TITLE"><![CDATA[ from TravelReview where id=:title ]]></query

</hibernate-mapping>