<?xml version="1.0" encoding="UTF-8"?>
<beans xmlns="http://www.springframework.org/schema/beans"
	xmlns:xsi="http://www.w3.org/2001/XMLSchema-instance" xmlns:mvc="http://www.springframework.org/schema/mvc"
	xsi:schemaLocation="
		http://www.springframework.org/schema/beans 
		http://www.springframework.org/schema/beans/spring-beans-3.0.xsd
		http://www.springframework.org/schema/mvc 
		http://www.springframework.org/schema/mvc/spring-mvc-3.0.xsd">

	<!-- Configures the @Controller programming model -->
	<mvc:annotation-driven />

	<!-- Views mapped in views.properties (PDF, XLS classes, and others) -->
	<bean id="contentNegotiatingResolver"
		class="org.springframework.web.servlet.view.ContentNegotiatingViewResolver">
		<property name="order"
			value="#{T(org.springframework.core.Ordered).HIGHEST_PRECEDENCE}" />
		<property name="mediaTypes">
			<map>
				<entry key="atom" value="application/atom+xml" />
				<entry key="html" value="text/html" />
				<entry key="pdf" value="application/pdf" />
				<entry key="xsl" value="application/vnd.ms-excel" />
				<entry key="xml" value="application/xml" />
				<entry key="json" value="application/json" />
			</map>
		</property>
	</bean>

	<bean id="beanNameViewResolver"
		class="org.springframework.web.servlet.view.BeanNameViewResolver">
		<property name="order" value="#{contentNegotiatingResolver.order+1}" />
	</bean>

	<!-- Logical view "accounts" gets handled by "MappingJacksonJsonView" class -->
	<bean id="accounts"
		class="org.springframework.web.servlet.view.json.MappingJacksonJsonView" />

	<!-- Views mapped in JSPs under /WEB-INF/views -->
	<bean id="internalResourceResolver"
		class="org.springframework.web.servlet.view.InternalResourceViewResolver">
		<property name="prefix" value="/WEB-INF/views/" />
		<property name="suffix" value=".jsp" />
		<property name="order" value="#{beanNameViewResolver.order+1}" />
	</bean>

</beans>
