<?xml version="1.0" encoding="UTF-8"?>
<beans xmlns="http://www.springframework.org/schema/beans"
	xmlns:xsi="http://www.w3.org/2001/XMLSchema-instance"
	xmlns:mvc="http://www.springframework.org/schema/mvc"
	xsi:schemaLocation="http://www.springframework.org/schema/mvc 
		http://www.springframework.org/schema/mvc/spring-mvc-3.0.xsd
		http://www.springframework.org/schema/beans 
		http://www.springframework.org/schema/beans/spring-beans-3.0.xsd">

	<!-- Enables controllers mapped with @RequestMapping annotations, formatting 
		annotations @NumberFormat @DateTimeFormat, and JSR 303 style validation -->
	<mvc:annotation-driven/>

	<mvc:resources mapping="/resources/**" location="/, classpath:/META-INF/web-resources/" />
	<mvc:default-servlet-handler />
    
	<!-- Maps request paths to flows in the flowRegistry; e.g. a path of /hotels/booking 
		looks for a flow with id "hotels/booking". -->
	<bean class="org.springframework.webflow.mvc.servlet.FlowHandlerMapping">
		<property name="order" value="-1"/>
		<property name="flowRegistry" ref="flowRegistry" />
	</bean>

	<!-- Map paths directly to view names without controller processing. Use the 
		view-name attribute if necessary: by convention the view name equals the 
		path without the leading slash -->
	<mvc:view-controller path="/" view-name="intro" />
	<mvc:view-controller path="/login" />
	<mvc:view-controller path="/logoutSuccess" />

	<!-- Resolves logical view names returned by Controllers to Tiles; a view name 
		to resolve is treated as the name of a tiles definition -->
	<bean id="tilesViewResolver" class="org.springframework.js.ajax.AjaxUrlBasedViewResolver">
		<property name="viewClass" value="org.springframework.webflow.mvc.view.FlowAjaxTilesView"/>
	</bean>

	<!-- Configures the Tiles layout system -->
	<bean id="tilesConfigurer" class="org.springframework.web.servlet.view.tiles2.TilesConfigurer">
		<property name="definitions">
			<list>
				<value>/WEB-INF/**/views.xml</value>
			</list>
		</property>
	</bean>
	
	<!-- Dispatches requests mapped to flows to FlowHandler implementations -->
	<bean class="org.springframework.webflow.mvc.servlet.FlowHandlerAdapter">
		<property name="flowExecutor" ref="flowExecutor"/>
	</bean>

	<!-- Custom FlowHandler for the hotel booking flow -->
	<bean name="hotels/booking" 
		class="org.springframework.webflow.samples.booking.controller.BookingFlowHandler" />	
		
</beans>