<?xml version="1.0" encoding="UTF-8"?>
<beans xmlns="http://www.springframework.org/schema/beans"
	xmlns:xsi="http://www.w3.org/2001/XMLSchema-instance"
	xsi:schemaLocation="http://www.springframework.org/schema/beans http://www.springframework.org/schema/beans/spring-beans.xsd">

	<bean class="org.springframework.jmx.support.ConnectorServerFactoryBean">
		<property name="serviceUrl" value="service:jmx:rmi://localhost/jndi/rmi://localhost:1099/MyDomainServer"></property>
		<property name="server" ref="mbeanServerBean"></property>
	</bean>
	<bean class="org.springframework.jmx.export.MBeanExporter">
		<property name="server" ref="mbeanServerBean"></property>
		<property name="beans">
			<map>
				<entry key="DataStructure:Name=Stack" value-ref="stackBean"></entry>
			</map>
		</property>
	</bean>
	<bean id="mbeanServerBean" class="org.springframework.jmx.support.MBeanServerFactoryBean">
	</bean>
	<bean id="stackBean" class="com.jmxChapter.Stack"></bean>
</beans>
