<?xml version="1.0" encoding="UTF-8"?>
<beans xmlns="http://www.springframework.org/schema/beans"
       xmlns:xsi="http://www.w3.org/2001/XMLSchema-instance"
       xmlns:p="http://www.springframework.org/schema/p"
       xmlns:context="http://www.springframework.org/schema/context"
       xsi:schemaLocation="http://www.springframework.org/schema/beans 
                           http://www.springframework.org/schema/beans/spring-beans.xsd
                           http://www.springframework.org/schema/context 
                           http://www.springframework.org/schema/context/spring-context.xsd">
 
 
    <context:component-scan base-package="com.spring.controller" />
    <bean class="org.springframework.web.servlet.mvc.annotation.DefaultAnnotationHandlerMapping"/>
	<bean class="org.springframework.web.servlet.mvc.annotation.AnnotationMethodHandlerAdapter"/>
 
	<bean id="tilesConfigurer" class="org.springframework.web.servlet.view.tiles2.TilesConfigurer">
		<property name="definitions">
			<list>
      				<value>/WEB-INF/tiles-defs/templates.xml</value>
    			</list>
		</property>
	</bean>
	
	<bean id="studentsView" class="org.springframework.web.servlet.view.xml.MarshallingView">
		<constructor-arg ref="jaxbMarshaller" />
	</bean>
 	
	<!-- JAXB2 marshaller. Automagically turns beans into xml -->
	<bean id="jaxbMarshaller" class="org.springframework.oxm.jaxb.Jaxb2Marshaller">
		<property name="classesToBeBound">
			<list>
				<value>com.spring.datasource.Classroom</value>
				<value>com.spring.datasource.Student</value>
			</list>
		</property>
	</bean>
    
    <bean class="org.springframework.web.servlet.view.ContentNegotiatingViewResolver">
        <property name="mediaTypes">
            <map>
                <entry key="xml" value="application/xml"/>
                <entry key="html" value="text/html"/>
            </map>
        </property>
        <property name="viewResolvers">
            <list>
                <bean class="org.springframework.web.servlet.view.BeanNameViewResolver"/>
                <bean class="org.springframework.web.servlet.view.UrlBasedViewResolver">
					<property name="viewClass" value="org.springframework.web.servlet.view.tiles2.TilesView"/>
				</bean>
            </list>
        </property>
    </bean>
 
</beans>