<?xml version="1.0" encoding="UTF-8"?>
<beans xmlns="http://www.springframework.org/schema/beans"
	xmlns:xsi="http://www.w3.org/2001/XMLSchema-instance" xmlns:mvc="http://www.springframework.org/schema/mvc"
	xsi:schemaLocation="
		http://www.springframework.org/schema/beans 
		http://www.springframework.org/schema/beans/spring-beans-3.0.xsd
		http://www.springframework.org/schema/mvc 
		http://www.springframework.org/schema/mvc/spring-mvc-3.0.xsd">

	<!-- Configures the @Controller programming model -->
	<mvc:annotation-driven />

	<!-- Views mapped in views.properties (PDF, XLS classes, and others) -->
	<bean id="contentNegotiatingResolver"
		class="org.springframework.web.servlet.view.ContentNegotiatingViewResolver">
		<property name="mediaTypes">
			<map>
				<entry key="atom" value="application/atom+xml" />
				<entry key="html" value="text/html" />
				<entry key="pdf" value="application/pdf" />
				<entry key="xsl" value="application/vnd.ms-excel" />
				<entry key="xml" value="application/xml" />
				<entry key="json" value="application/json" />
			</map>
		</property>
		<property name="viewResolvers">
			<list>
				<bean class="org.springframework.web.servlet.view.BeanNameViewResolver" />
			</list>
		</property>
		<property name="order"
			value="#{T(org.springframework.core.Ordered).HIGHEST_PRECEDENCE}" />
	</bean>

	<!-- "bookXmlView" logical view name is displayed as XML -->
	<bean id="bookXmlView"
		class="org.springframework.web.servlet.view.xml.MarshallingView">
		<constructor-arg ref="jaxbMarshaller" />
	</bean>

	<!-- JAXB2 marshaller. Automagically turns beans into xml -->
	<bean id="jaxbMarshaller" class="org.springframework.oxm.jaxb.Jaxb2Marshaller">
		<property name="classesToBeBound">
			<list>
				<value>com.javapassion.examples.books.domain.Book</value>
				<value>com.javapassion.examples.books.domain.Author</value>
				<value>com.javapassion.examples.books.domain.Publisher</value>
				<value>com.javapassion.examples.books.domain.Address</value>
			</list>
		</property>
	</bean>

</beans>
