<faces-config xmlns="http://java.sun.com/xml/ns/javaee"  
      xmlns:xsi="http://www.w3.org/2001/XMLSchema-instance"  
      xsi:schemaLocation="http://java.sun.com/xml/ns/javaee http://java.sun.com/xml/ns/javaee/web-facesconfig_1_2.xsd"  
      version="1.2">  

 	<application>
 	
 		<el-resolver>org.springframework.web.jsf.el.SpringBeanFacesELResolver</el-resolver>	
 		<!--  -->
 		
 		<!-- 
 		<variable-resolver>org.springframework.web.jsf.SpringBeanVariableResolver</variable-resolver>
 		 -->
 	</application>
 	<managed-bean>
 		<managed-bean-name>createUser</managed-bean-name>
 		<managed-bean-class>com.web.CreateUserBean</managed-bean-class>
 		<managed-bean-scope>session</managed-bean-scope>
 		<!--  
 		<managed-property>
 			<property-name>userDao</property-name>
 			<value>#{userDaoBean}</value>
 		</managed-property>
 		-->
 	</managed-bean>
 	<navigation-rule>
 		<from-view-id>/createUser.jsp</from-view-id>
 		<navigation-case>
 			<from-outcome>Success</from-outcome>
 			<to-view-id>/success.jsp</to-view-id>
 		</navigation-case>
 		<navigation-case>
 			<from-outcome>Failure</from-outcome>
 			<to-view-id>/failure.jsp</to-view-id>
 		</navigation-case>
 	</navigation-rule>
 </faces-config>