<?xml version="1.0"?>

<!-- Custom aspects for the PetClinic sample application -->
<aspectj>

	<weaver>
		<include within="org.springframework.samples.petclinic..*"/>
	</weaver>

	<aspects>
		<aspect name="org.springframework.samples.petclinic.aspects.UsageLogAspect"/>
		<concrete-aspect name="org.springframework.samples.petclinic.aspects.ApplicationTraceAspect"
				extends="org.springframework.samples.petclinic.aspects.AbstractTraceAspect">
			<pointcut name="traced" expression="execution(* org.springframework.samples..*.*(..))"/>
		</concrete-aspect>
	</aspects>

</aspectj>
