<?xml version="1.0" encoding="UTF-8"?>
<flow xmlns="http://www.springframework.org/schema/webflow"
      xmlns:xsi="http://www.w3.org/2001/XMLSchema-instance"
      xsi:schemaLocation="http://www.springframework.org/schema/webflow http://www.springframework.org/schema/webflow/spring-webflow-2.0.xsd">

	<!-- Secure this webflow: Only users who belong to ROLE_USER can access this webflow -->
	<secured attributes="ROLE_USER" />

	<persistence-context/>

	<!-- Input values are saved in flow scope under the name of the attribute. 
	     For example, the input below would be saved under the name hotelId.  
	     Use the required attribute to enforce the input is not null or empty. -->
	<!-- The hotelId attribute is set when form is sent to the server in show.jsp -->
	<input name="hotelId" required="true" />
	
	<on-start>
	    <!-- "currentUser" is a special EL variable that gives access to the currently 
	    	 authenticated Principal. This is equivalent to HttpServletRequest.getUserPrincipal().  
	         So currentUser.name will basically give you the name of the logged in user. -->
	    <!-- Create a "Booking" object and save it in flow scope, name it as "booking". -->
		<evaluate expression="bookingService.createBooking(hotelId, currentUser.name)" 
				result="flowScope.booking" />
	</on-start>
	
	<!-- Use the model attribute to declare a model object the view binds to. This attribute 
		is typically used in conjunction with views that render data controls, such as forms. 
		It enables form data binding and validation behaviors to be driven from metadata on 
		your model object.  -->
	<!-- Display "/hotels/booking/enterBookingDetails.jsp". -->
	<view-state id="enterBookingDetails" model="booking">
		<!-- Use the "binder" element to configure the exact set of model bindings usable 
			by the view. This is particularly useful in a Spring MVC environment for 
			restricting the set of "allowed fields" per view. -->
		<!-- Each binding may also apply a required check that will generate a validation 
			error if the user provided value is null on form postback:  -->
		<binder>
			<binding property="checkinDate" required="true" />
			<binding property="checkoutDate" required="true" />
			<binding property="beds" required="true" />
			<binding property="smoking" required="true" />
			<binding property="creditCard" required="true" />
			<binding property="creditCardName" required="true" />
			<binding property="creditCardExpiryMonth" required="true" />
			<binding property="creditCardExpiryYear" required="true" />
			<binding property="amenities" required="false" />
		</binder>
		<transition on="proceed" to="reviewBooking" />
		<transition on="cancel" to="cancel" bind="false" />
	</view-state>
	
	<view-state id="reviewBooking" model="booking">
		<transition on="confirm" to="bookingConfirmed" />
		<transition on="revise" to="enterBookingDetails" />
		<transition on="cancel" to="cancel" />
	</view-state>
	
	<!-- To trigger a commit at the end, annotate your end-state with 
		the commit attribute -->
	<end-state id="bookingConfirmed" commit="true" />

	<end-state id="cancel" />

</flow>