<?xml version="1.0" encoding="UTF-8"?>
<beans xmlns="http://www.springframework.org/schema/beans" 
	xmlns:xsi="http://www.w3.org/2001/XMLSchema-instance" 
	xmlns:context="http://www.springframework.org/schema/context"
	xsi:schemaLocation="http://www.springframework.org/schema/beans 
	http://www.springframework.org/schema/beans/spring-beans-3.0.xsd 
	http://www.springframework.org/schema/context
	http://www.springframework.org/schema/context/spring-context-3.0.xsd">

	<context:component-scan base-package="com.web"></context:component-scan>
	<bean class="org.springframework.web.servlet.view.velocity.VelocityConfigurer">
		<property name="resourceLoaderPath" value="/"></property>
		<property name="velocityProperties">
			<value>
				runtime.log = /WEB-INF/velocity.log
			</value>
		</property>
	</bean>
	<bean class="org.springframework.web.servlet.view.velocity.VelocityViewResolver">
		<property name="prefix" value="/"></property>
		<property name="suffix" value=".vm"></property>
		<property name="exposeSessionAttributes" value="true"></property>
		<property name="exposeRequestAttributes" value="true"></property>
	</bean>
</beans>
