<beans xmlns="http://www.springframework.org/schema/beans"
	xmlns:xsi="http://www.w3.org/2001/XMLSchema-instance" xmlns:context="http://www.springframework.org/schema/context"
	xsi:schemaLocation="http://www.springframework.org/schema/beans 
	http://www.springframework.org/schema/beans/spring-beans-2.5.xsd
	http://www.springframework.org/schema/context
	http://www.springframework.org/schema/context/spring-context-2.5.xsd">

	<context:component-scan base-package="com.javapassion.examples" />

	<bean id="viewResolver"
		class="org.springframework.web.servlet.view.InternalResourceViewResolver">
		<property name="prefix">
			<value>/WEB-INF/pages/</value>
		</property>
		<property name="suffix">
			<value>.jsp</value>
		</property>
	</bean>

	<!-- Interceptors -->
	<bean id="elapsedTimeInterceptor" class="com.javapassion.examples.ElapsedTimeInterceptor" />
	<bean id="loggingInterceptor" class="com.javapassion.examples.LoggingInterceptor" />

	<!-- Annotation handlers (Applied by default to ALL @controllers -->
	<bean
		class="org.springframework.web.servlet.mvc.annotation.DefaultAnnotationHandlerMapping">
		<property name="order" value="1" />
		<!-- Interceptors are applied to all annotated controllers -->
		<property name="interceptors">
			<list>
				<ref bean="elapsedTimeInterceptor" />
				<ref bean="loggingInterceptor" />
			</list>
		</property>
	</bean>

</beans>