<?xml version="1.0" encoding="UTF-8"?>
<beans xmlns="http://www.springframework.org/schema/beans"
	xmlns:xsi="http://www.w3.org/2001/XMLSchema-instance"
	xsi:schemaLocation="http://www.springframework.org/schema/beans http://www.springframework.org/schema/beans/spring-beans.xsd">
	
	<bean id="weatherReporterBean" class="org.springframework.remoting.jaxws.JaxWsPortProxyFactoryBean">
		<property name="serviceInterface" value="com.remotingChapter.service.proxy.CoolReporter"></property>
		<property name="wsdlDocumentUrl" value="http://localhost:9999/CoolReporter?WSDL"></property>
		<property name="namespaceUri" value="http://www.myweatherservice.com"></property>
		<property name="serviceName" value="WeatherReporterServiceEndPointService"></property>
		<property name="portName" value="CoolReporterPort"></property>
	</bean>
</beans>
