<?xml version="1.0" encoding="UTF-8"?>
<beans xmlns="http://www.springframework.org/schema/beans" xmlns:xsi="http://www.w3.org/2001/XMLSchema-instance" 
	   xmlns:tx="http://www.springframework.org/schema/tx" 
	   xmlns:aop="http://www.springframework.org/schema/aop" 
	   xsi:schemaLocation="http://www.springframework.org/schema/beans 
	   http://www.springframework.org/schema/beans/spring-beans.xsd 
	   http://www.springframework.org/schema/tx 
	   http://www.springframework.org/schema/tx/spring-tx.xsd
	   http://www.springframework.org/schema/aop 
	   http://www.springframework.org/schema/aop/spring-aop-2.0.xsd ">

	
	<bean id="accountServiceTargetBean" class="AccountService2">
		<property name="jdbcTemplate" ref="jdbcTemplateBean"></property>
	</bean>

	<bean id="accountServiceBean" class="org.springframework.transaction.interceptor.TransactionProxyFactoryBean">
		<property name="target" ref="accountServiceTargetBean"></property>
		<property name="proxyTargetClass" value="true"></property>
		<property name="transactionManager" ref="txnManagerBean"></property>
		<property name="transactionAttributes">
			<props>
				<prop key="deposit">PROPAGATION_REQUIRED,ISOLATION_DEFAULT,readOnly</prop>
				<prop key="withdraw">PROPAGATION_REQUIRED,-Exception</prop>
			</props>
		</property>
	</bean>

	
	<bean id="txnManagerBean" class="org.springframework.jdbc.datasource.DataSourceTransactionManager">
		<property name="dataSource" ref="dsBean"></property>
	</bean>
	
	<bean id="jdbcTemplateBean" class="org.springframework.jdbc.core.JdbcTemplate">
		<property name="dataSource" ref="dsBean"></property>
	</bean>
	
	<bean id="dsBean" class="org.springframework.jdbc.datasource.DriverManagerDataSource">
		<property name="driverClassName" value="com.mysql.jdbc.Driver"></property>
		<property name="url" value="jdbc:mysql://localhost/accountsdb"></property>
		<property name="username" value="root"></property>
		<property name="password" value="durasoft"></property>
	</bean>
</beans>
