<?xml version="1.0" encoding="UTF-8"?>
<!DOCTYPE hibernate-mapping PUBLIC "-//Hibernate/Hibernate Mapping DTD 3.0//EN" "http://www.hibernate.org/dtd/hibernate-mapping-3.0.dtd">
<hibernate-mapping package="com.madhusudhan.jh.collections.bags">
  <class name="Showroom" table="SHOWROOM_BAGS">
    <id column="SHOWROOM_ID" name="id">
      <generator class="native"/>
    </id>
    <property column="MANAGER" name="manager"/>
    <property column="LOCATION" name="location"/>
    <bag name="cars" cascade="all" table="CARS_LIST">
      <key column="SHOWROOM_ID"/>
      <one-to-many class="Car"/>
    </bag>
  </class>
  <class name="Car" table="CARS_BAGS">
    <id column="CAR_ID" name="id">
      <generator class="native"/>
    </id>
    <property column="NAME" name="name"/>
    <property column="COLOR" name="color"/>
  </class>
</hibernate-mapping>
