<!DOCTYPE faces-config PUBLIC
 "-//Sun Microsystems, Inc.//DTD JavaServer Faces Config 1.1//EN"
 "http://java.sun.com/dtd/web-facesconfig_1_1.dtd">
 <faces-config>
 	<application>
 		<variable-resolver>org.springframework.web.jsf.DelegatingVariableResolver</variable-resolver>
 		<variable-resolver>org.springframework.web.jsf.SpringBeanVariableResolver</variable-resolver>
 	
 	</application>
 	<managed-bean>
 		<managed-bean-name>createUser</managed-bean-name>
 		<managed-bean-class>com.web.CreateUserBean</managed-bean-class>
 		<managed-bean-scope>session</managed-bean-scope>
 		 
 		<managed-property>
 			<property-name>userDao</property-name>
 			<value>#{userDaoBean}</value>
 		</managed-property>
 		
 	</managed-bean>
 	<navigation-rule>
 		<from-view-id>/createUser.jsp</from-view-id>
 		<navigation-case>
 			<from-outcome>Success</from-outcome>
 			<to-view-id>/success.jsp</to-view-id>
 		</navigation-case>
 		<navigation-case>
 			<from-outcome>Failure</from-outcome>
 			<to-view-id>/failure.jsp</to-view-id>
 		</navigation-case>
 	</navigation-rule>
 </faces-config>