<?xml version="1.0" encoding="UTF-8"?>
<!DOCTYPE hibernate-mapping PUBLIC
        "-//Hibernate/Hibernate Mapping DTD 3.0//EN"
        "http://hibernate.sourceforge.net/hibernate-mapping-3.0.dtd">
<hibernate-mapping>
	<class name="com.hibernateWithSpring.Account" table="accounts">
		<id name="accountNumber" column="account_number" type="int"></id>
		<property name="owner" column="owner" type="string"></property>
		<property name="balance" column="balance" type="double"></property>
	</class>
</hibernate-mapping>