<?xml version="1.0" encoding="UTF-8"?>
<!DOCTYPE tiles-definitions 
	PUBLIC "-//Apache Software Foundation//DTD Tiles Configuration 2.1//EN" 
	"http://tiles.apache.org/dtds/tiles-config_2_1.dtd"> 
<tiles-definitions>
	<definition name="masterLayout" template="/masterLayout.jsp">
		<put-attribute name="title" type="string" value="Tiles2 with Spring"></put-attribute>
		<put-attribute name="header" value="/header.html"></put-attribute>
		<put-attribute name="content" value="/content.html"></put-attribute>
		<put-attribute name="footer" value="/copyright.html"></put-attribute>
	</definition>
	
	<definition name="login" extends="masterLayout">
		<put-attribute name="content" value="/login.jsp"></put-attribute>
	</definition>
	
</tiles-definitions>