<?xml version="1.0" encoding="UTF-8"?>
<beans xmlns="http://www.springframework.org/schema/beans" 
	xmlns:xsi="http://www.w3.org/2001/XMLSchema-instance" 
	xmlns:context="http://www.springframework.org/schema/context"
	xsi:schemaLocation="http://www.springframework.org/schema/beans 
	http://www.springframework.org/schema/beans/spring-beans-3.0.xsd 
	http://www.springframework.org/schema/context
	http://www.springframework.org/schema/context/spring-context-3.0.xsd">

	<context:component-scan base-package="com.web"></context:component-scan>
	
	<bean class="org.springframework.web.servlet.view.tiles2.TilesConfigurer">
		<property name="definitions" value="/WEB-INF/definitions.xml"></property>
	</bean>
	
	<bean class="org.springframework.web.servlet.view.tiles2.TilesViewResolver">
		
	</bean>
	<!--
	 
	<bean class="org.springframework.web.servlet.view.ResourceBundleViewResolver">
		<property name="basename" value="views"></property>
	</bean>
	 
	<bean class="org.springframework.web.servlet.view.UrlBasedViewResolver" >
	 	<property name="viewClass" value="org.springframework.web.servlet.view.tiles2.TilesView"></property>
	 </bean>
	  -->
</beans>
