<?xml version="1.0" encoding="UTF-8"?>
<beans xmlns="http://www.springframework.org/schema/beans"
	xmlns:xsi="http://www.w3.org/2001/XMLSchema-instance"
	xsi:schemaLocation="http://www.springframework.org/schema/beans http://www.springframework.org/schema/beans/spring-beans.xsd">
	
	<bean id="weatherReporterImplBean" class="com.remotingChapter.service.WeatherReporterImpl"></bean>
	<bean name="/CoolReporter.hessian" class="org.springframework.remoting.caucho.BurlapServiceExporter">
		<property name="service" ref="weatherReporterImplBean"></property>
		<property name="serviceInterface" value="com.remotingChapter.WeatherReporter"></property>
	</bean>

</beans>
