<?xml version="1.0" encoding="UTF-8"?>
<!DOCTYPE ejb-jar PUBLIC "-//Sun Microsystems, Inc.//DTD Enterprise JavaBeans 2.0//EN" "http://java.sun.com/dtd/ejb-jar_2_0.dtd" >
<ejb-jar>
  <enterprise-beans>
  	<message-driven>
  		<ejb-name>WeatherReporterMDB</ejb-name>
  		<ejb-class>com.ejbChapter.WeatherReporterMDB</ejb-class>
  		<transaction-type>Container</transaction-type>
  		<message-driven-destination>
  			<destination-type>javax.jms.Queue</destination-type>
  		</message-driven-destination>
      <env-entry>
      	<env-entry-name>ejb/BeanFactoryPath</env-entry-name>
      	<env-entry-type>java.lang.String</env-entry-type>
      	<env-entry-value>applicationContext.xml</env-entry-value>
      </env-entry>
  	</message-driven>
  </enterprise-beans>
</ejb-jar>
