<?xml version="1.0" encoding="UTF-8"?>
<beans:beans xmlns="http://www.springframework.org/schema/mvc"
	xmlns:xsi="http://www.w3.org/2001/XMLSchema-instance"
	xmlns:beans="http://www.springframework.org/schema/beans"
	xsi:schemaLocation="
        http://www.springframework.org/schema/mvc http://www.springframework.org/schema/mvc/spring-mvc-3.0.xsd
        http://www.springframework.org/schema/beans http://www.springframework.org/schema/beans/spring-beans-3.0.xsd">

	<!-- DispatcherServlet Context: defines this servlet's request-processing infrastructure -->
	
	<!-- Enables the Spring MVC @Controller programming model -->
	<annotation-driven conversion-service="conversionService" />

	<!-- Handles HTTP GET requests for /resources/** by efficiently serving up static 
		resources in the ${webappRoot}/resources/ directory -->
	<!-- The <mvc:resources/> tag is a new feature coming in Spring Framework 3.0.4. 
		It is used in this sample so clean URLs can be used without having to add a 
		dependency on urlrewrite. Specifically, all requests into the app are routed 
		through the Spring MVC DispatcherServlet (note the "/" mapping in web.xml). 
		This includes requests for static /resources. When a static resource is requested, 
		the ResourcesHandler registered by the <mvc:resources/> tag serves it up. -->
	<resources mapping="/resources/**" location="/resources/" />

	<!-- Resolves views selected for rendering by @Controllers to .jsp resources in the /WEB-INF/views directory -->
	<beans:bean class="org.springframework.web.servlet.view.InternalResourceViewResolver">
		<beans:property name="prefix" value="/WEB-INF/views/" />
		<beans:property name="suffix" value=".jsp" />
	</beans:bean>
	
	<!-- Imports user-defined @Controller beans that process client requests -->
	<beans:import resource="controllers.xml" />

	<!-- Only needed because we install custom converters to support the examples in the org.springframewok.samples.mvc.convert package -->
	<beans:bean id="conversionService" class="org.springframework.samples.mvc.convert.CustomConversionServiceFactoryBean" />

	<!-- Only needed because we require fileupload in the org.springframework.samples.mvc.fileupload package -->
	<beans:bean id="multipartResolver" class="org.springframework.web.multipart.commons.CommonsMultipartResolver" />
	
</beans:beans>