<?xml version="1.0" encoding="UTF-8"?>
<!DOCTYPE hibernate-mapping PUBLIC "-//Hibernate/Hibernate Mapping DTD 3.0//EN" "http://www.hibernate.org/dtd/hibernate-mapping-3.0.dtd">
<hibernate-mapping package="com.madhusudhan.jh.associations.one2many.bi">
  <class name="Movie" table="MOVIE_ONE2MANY_BI">
    <id name="id" column="MOVIE_ID" >
      <generator class="assigned"/>
    </id>
    <property name="title" column="TITLE" />
    <set name="actors" table="ACTOR_ONE2MANY" inverse="true" cascade="all">
        <key column="MOVIE_ID" />
        <one-to-many class="Actor"/>
    </set>
  </class>
</hibernate-mapping>
