<?xml version="1.0" encoding="UTF-8"?>
<!DOCTYPE hibernate-mapping PUBLIC "-//Hibernate/Hibernate Mapping DTD 3.0//EN" "http://www.hibernate.org/dtd/hibernate-mapping-3.0.dtd">
<hibernate-mapping package="com.madhusudhan.jh.associations.one2one">
  <class name="com.madhusudhan.jh.associations.one2one.Car" table="CAR">
    <id column="CAR_ID" name="id">
      <generator class="assigned"/>
    </id>
    <property column="COLOR" name="color"/>
    <property column="NAME" name="name"/>
    <one-to-one cascade="all" class="Engine" name="engine"/>
  </class>
</hibernate-mapping>
