<?xml version="1.0" encoding="UTF-8"?>
<beans xmlns="http://www.springframework.org/schema/beans"
	xmlns:xsi="http://www.w3.org/2001/XMLSchema-instance"
	xsi:schemaLocation="http://www.springframework.org/schema/beans http://www.springframework.org/schema/beans/spring-beans.xsd">
	
	
	<bean id="weatherReporterEndPointBean" class="com.remotingChapter.service.WeatherReporterServiceEndPoint">
		<property name="weatherReporter">
			<bean id="weatherReporterImplBean" class="com.remotingChapter.service.WeatherReporterImpl"></bean>
		</property>
	</bean>
	<bean class="org.springframework.remoting.jaxws.SimpleJaxWsServiceExporter">
		<property name="baseAddress" value="http://localhost:9999/"></property>
	</bean>
</beans>
