<?xml version="1.0" encoding="UTF-8"?>
<!-- - DispatcherServlet application context for PetClinic's web tier. -->
<beans xmlns="http://www.springframework.org/schema/beans"
	xmlns:mvc="http://www.springframework.org/schema/mvc" xmlns:xsi="http://www.w3.org/2001/XMLSchema-instance"
	xmlns:p="http://www.springframework.org/schema/p" xmlns:context="http://www.springframework.org/schema/context"
	xmlns:oxm="http://www.springframework.org/schema/oxm"
	xsi:schemaLocation="http://www.springframework.org/schema/beans http://www.springframework.org/schema/beans/spring-beans.xsd
                http://www.springframework.org/schema/mvc http://www.springframework.org/schema/mvc/spring-mvc-3.0.xsd
                http://www.springframework.org/schema/context http://www.springframework.org/schema/context/spring-context.xsd
                http://www.springframework.org/schema/oxm http://www.springframework.org/schema/oxm/spring-oxm-3.0.xsd">

	<!-- - The controllers are autodetected POJOs labeled with the @Controller 
		annotation. -->
	<context:component-scan base-package="org.springframework.samples.petclinic.web" />
	
	<!-- Enables the Spring MVC @Controller programming model -->
	<mvc:annotation-driven />
	
	<!-- Handles HTTP GET requests for /static/resources/images/** by efficiently serving up static 
		resources in the ${webappRoot}/resources/images/ directory -->
	<!-- The <mvc:resources/> tag is a new feature coming in Spring Framework 3.0.4. 
		It is used in this sample so clean URLs can be used without having to add a 
		dependency on urlrewrite. Specifically, all requests into the app are routed 
		through the Spring MVC DispatcherServlet (note the "/" mapping in web.xml). 
		This includes requests for static /resources. When a static resource is requested, 
		the ResourcesHandler registered by the <mvc:resources/> tag serves it up. -->
    <mvc:resources mapping="/static/images/**" location="/images/" />
	<mvc:resources mapping="/static/styles/**" location="/styles/" />

	<!-- - The form-based controllers within this application provide @RequestMapping 
		- annotations at the type level for path mapping URLs and @RequestMapping 
		- at the method level for request type mappings (e.g., GET and POST). - In 
		contrast, ClinicController - which is not form-based - provides - @RequestMapping 
		only at the method level for path mapping URLs. - - DefaultAnnotationHandlerMapping 
		is driven by these annotations and is - enabled by default with Java 5+. -->

	<!-- - This bean processes annotated handler methods, applying PetClinic-specific 
		PropertyEditors - for request parameter binding. It overrides the default 
		AnnotationMethodHandlerAdapter. -->
	<bean
		class="org.springframework.web.servlet.mvc.annotation.AnnotationMethodHandlerAdapter">
		<property name="webBindingInitializer">
			<bean
				class="org.springframework.samples.petclinic.web.ClinicBindingInitializer" />
		</property>
	</bean>

	<!-- - This bean resolves specific types of exceptions to corresponding 
		logical - view names for error views. The default behaviour of DispatcherServlet 
		- is to propagate all exceptions to the servlet container: this will happen 
		- here with all other types of exceptions. -->
	<bean
		class="org.springframework.web.servlet.handler.SimpleMappingExceptionResolver">
		<property name="exceptionMappings">
			<props>
				<prop key="org.springframework.web.servlet.PageNotFound">pageNotFound</prop>
				<prop key="org.springframework.dao.DataAccessException">dataAccessFailure</prop>
				<prop key="org.springframework.transaction.TransactionException">dataAccessFailure</prop>
			</props>
		</property>
	</bean>

	<!-- - This view resolver delegates to the InternalResourceViewResolver 
		and BeanNameViewResolver, - and uses the requested media type to pick a matching 
		view. When the media type is 'text/html', - it will delegate to the InternalResourceViewResolver's 
		JstlView, otherwise to the - BeanNameViewResolver. Note the use of the expression 
		language to refer to the contentType - property of the vets view bean, setting 
		it to 'application/vnd.springsource.samples.petclinic+xml'. -->
	<bean
		class="org.springframework.web.servlet.view.ContentNegotiatingViewResolver">
		<property name="mediaTypes">
			<map>
				<entry key="xml" value="#{vets.contentType}" />
				<entry key="atom" value="#{visits.contentType}" />
			</map>
		</property>
		<property name="order" value="0" />
	</bean>

	<!-- - The BeanNameViewResolver is used to pick up the visits view name 
		(below). - It has the order property set to 2, which means that this will 
		- be the first view resolver to be used after the delegating content - negotiating 
		view resolver. -->
	<bean class="org.springframework.web.servlet.view.BeanNameViewResolver"
		p:order="1" />
	<!-- - This bean configures the 'prefix' and 'suffix' properties of - InternalResourceViewResolver, 
		which resolves logical view names - returned by Controllers. For example, 
		a logical view name of "vets" - will be mapped to "/WEB-INF/jsp/vets.jsp". -->
	<bean
		class="org.springframework.web.servlet.view.InternalResourceViewResolver"
		p:prefix="/WEB-INF/jsp/" p:suffix=".jsp" p:order="2" />

	<!-- - The AtomView rendering a Atom feed of the visits -->
	<bean id="visits"
		class="org.springframework.samples.petclinic.web.VisitsAtomView" />

	<bean id="vets"
		class="org.springframework.web.servlet.view.xml.MarshallingView">
		<property name="contentType"
			value="application/vnd.springsource.samples.petclinic+xml" />
		<property name="marshaller" ref="marshaller" />
	</bean>

	<oxm:jaxb2-marshaller id="marshaller">
		<oxm:class-to-be-bound name="org.springframework.samples.petclinic.Vets" />
	</oxm:jaxb2-marshaller>

	<!-- - Message source for this context, loaded from localized "messages_xx" 
		files. - Could also reside in the root application context, as it is generic, 
		- but is currently just used within PetClinic's web tier. -->
	<bean id="messageSource"
		class="org.springframework.context.support.ResourceBundleMessageSource"
		p:basename="messages" />

    <!-- JRebel demo -->
     
	<bean id="validator"
		class="org.springframework.samples.petclinic.validation.MyValidator" />
    
</beans>
