<?xml version="1.0" encoding="UTF-8"?>
<!DOCTYPE hibernate-mapping PUBLIC "-//Hibernate/Hibernate Mapping DTD 3.0//EN" "http://www.hibernate.org/dtd/hibernate-mapping-3.0.dtd">
<hibernate-mapping package="com.madhusudhan.jh.associations.one2one">
    <class name="com.madhusudhan.jh.advanced.filters.Car" table="FILTERS_CAR">
        <id column="CAR_ID" name="id">
            <generator class="native"/>
        </id>
        <property column="COLOR" name="color"/>
        <property column="NAME" name="name"/>
        <property column="MAKE" name="make"/>
        <property column="MODEL" name="model"/>
    
        <filter name="filterByBMWMake" condition="make = :make"/> 
    </class>
    <filter-def name="filterByBMWMake">
        <filter-param  name="make" type="string"/>
    </filter-def>
</hibernate-mapping>
