<?xml version="1.0" encoding="utf-8"?> 
<!DOCTYPE hibernate-configuration SYSTEM "http://www.hibernate.org/dtd/hibernate-configuration-3.0.dtd">
<hibernate-configuration>
    <session-factory>
        <property name="connection.url">jdbc:mysql://localhost:3307/JH</property>
        <property name="connection.driver_class">com.mysql.jdbc.Driver</property>
        <property name="connection.username">mkonda</property>
        <property name="connection.password">password</property>
        <property name="connection.pool_size">0</property>
        <property name="dialect">org.hibernate.dialect.MySQL5Dialect</property>
        <property name="current_session_context_class">thread</property>
        <property name="hbm2ddl.auto">update</property>
        <property name="hibernate.show_sql">true</property>
        <mapping resource="advanced/Car.hbm.xml"/>
    </session-factory>
</hibernate-configuration>