<?xml version="1.0" encoding="UTF-8"?>
<!DOCTYPE ejb-jar PUBLIC "-//Sun Microsystems, Inc.//DTD Enterprise JavaBeans 2.0//EN" "http://java.sun.com/dtd/ejb-jar_2_0.dtd" >
<ejb-jar>
  <enterprise-beans>
    <session>
      <ejb-name>AccountBean</ejb-name>
      <home>com.ejbChapter.AccountHome</home>
      <remote>com.ejbChapter.Account</remote>
      <ejb-class>com.ejbChapter.AccountBean</ejb-class>
      <session-type>Stateful</session-type>
      <transaction-type>Container</transaction-type>
      <env-entry>
      	<env-entry-name>ejb/BeanFactoryPath</env-entry-name>
      	<env-entry-type>java.lang.String</env-entry-type>
      	<env-entry-value>applicationContext.xml</env-entry-value>
      </env-entry>
    </session>
  </enterprise-beans>
</ejb-jar>
