<?xml version="1.0" encoding="UTF-8"?>
<beans xmlns="http://www.springframework.org/schema/beans"
	xmlns:xsi="http://www.w3.org/2001/XMLSchema-instance"
	xsi:schemaLocation="http://www.springframework.org/schema/beans http://www.springframework.org/schema/beans/spring-beans.xsd">
	
	<bean id="personsDaoBean" class="com.dao.PersonsDao">
		<property name="jdbcTemplate" ref="jdbcTemplateBean"></property>
	</bean>
	
	<bean id="jdbcTemplateBean" class="org.springframework.jdbc.core.JdbcTemplate">
		<property name="dataSource" ref="dataSourceBean"></property>
	</bean>
	
	<bean id="dataSourceBean" class="org.springframework.jdbc.datasource.DriverManagerDataSource">
		<property name="username" value="root"></property>
		<property name="url" value="jdbc:mysql://localhost/personsdb"></property>
		<property name="driverClassName" value="com.mysql.jdbc.Driver"></property>
		<property name="password" value="durasoft"></property>
	</bean>
	
</beans>
